{
  "horizon_1d": {
    "lightgbm": {
      "mae": 579.7903795193189,
      "mse": 893279.1992993767,
      "rmse": 945.1344874140276,
      "r2": 0.9993557005797078,
      "mape": 0.6162620242996203,
      "mean_residual": 410.8736202766544,
      "std_residual": 851.1533748156863,
      "max_error": 3798.39229556761,
      "directional_accuracy": 50.67750677506775
    },
    "xgboost": {
      "mae": 569.9345544763513,
      "mse": 832456.9773704116,
      "rmse": 912.3908029843416,
      "r2": 0.9993995700914579,
      "mape": 0.5975692185364492,
      "mean_residual": 380.991015625,
      "std_residual": 829.0372870887309,
      "max_error": 3410.3203125,
      "directional_accuracy": 55.55555555555556
    },
    "random_forest": {
      "mae": 703.153297297297,
      "mse": 947439.914012972,
      "rmse": 973.3652521088741,
      "r2": 0.9993166358425909,
      "mape": 0.8175500523655238,
      "mean_residual": 394.46535135135105,
      "std_residual": 889.8522352594431,
      "max_error": 3053.570000000007,
      "directional_accuracy": 49.05149051490515
    },
    "linear": {
      "mae": 248.55294120712202,
      "mse": 198319.35207489366,
      "rmse": 445.33060985619846,
      "r2": 0.9998569573279275,
      "mape": 0.3105082397420754,
      "mean_residual": -21.944830504571115,
      "std_residual": 444.7895867587497,
      "max_error": 3296.5375483224198,
      "directional_accuracy": 51.21951219512195
    },
    "ridge": {
      "mae": 243.9738480481528,
      "mse": 197607.6439894122,
      "rmse": 444.53081331828076,
      "r2": 0.9998574706647513,
      "mape": 0.30338297375735074,
      "mean_residual": -8.38839038149136,
      "std_residual": 444.45166092188236,
      "max_error": 3317.660500547543,
      "directional_accuracy": 50.67750677506775
    }
  },
  "horizon_2d": {
    "lightgbm": {
      "mae": 2040.946069314505,
      "mse": 79982724.59658775,
      "rmse": 8943.30613344907,
      "r2": 0.9423045739903274,
      "mape": 3.2581141854872855,
      "mean_residual": 799.1455232851864,
      "std_residual": 8907.530018428284,
      "max_error": 89210.34058911557,
      "directional_accuracy": 53.53260869565217
    },
    "xgboost": {
      "mae": 2023.591664549458,
      "mse": 80436134.47193679,
      "rmse": 8968.619429540802,
      "r2": 0.9419775074137986,
      "mape": 3.231744533728778,
      "mean_residual": 775.3297764227642,
      "std_residual": 8935.043268486672,
      "max_error": 89416.6328125,
      "directional_accuracy": 52.17391304347826
    },
    "random_forest": {
      "mae": 2090.928726287263,
      "mse": 84086978.11682549,
      "rmse": 9169.895207516032,
      "r2": 0.9393439764801006,
      "mape": 3.3646483927575104,
      "mean_residual": 749.7162059620597,
      "std_residual": 9139.196010992615,
      "max_error": 93645.37,
      "directional_accuracy": 50.0
    },
    "linear": {
      "mae": 1659.013180442339,
      "mse": 82501216.9988241,
      "rmse": 9083.01805562579,
      "r2": 0.94048786303453,
      "mape": 2.9593442036425706,
      "mean_residual": 211.70883044172254,
      "std_residual": 9080.550444215214,
      "max_error": 93223.42825799194,
      "directional_accuracy": 50.815217391304344
    },
    "ridge": {
      "mae": 1648.780881165386,
      "mse": 82475828.21841574,
      "rmse": 9081.620352030564,
      "r2": 0.9405061771956056,
      "mape": 2.941810832737967,
      "mean_residual": 249.4846126345809,
      "std_residual": 9078.192862374884,
      "max_error": 93157.10330988091,
      "directional_accuracy": 52.17391304347826
    }
  },
  "horizon_3d": {
    "lightgbm": {
      "mae": 2806.933836329405,
      "mse": 117843525.43551423,
      "rmse": 10855.575776324084,
      "r2": 0.9150644424166466,
      "mape": 4.58163915579691,
      "mean_residual": 989.5500038322986,
      "std_residual": 10810.380022248512,
      "max_error": 88022.18861994927,
      "directional_accuracy": 51.63043478260869
    },
    "xgboost": {
      "mae": 2900.864937965786,
      "mse": 119884982.1059516,
      "rmse": 10949.20006694332,
      "r2": 0.9135930653516356,
      "mape": 4.6620358773187,
      "mean_residual": 1120.0059334773034,
      "std_residual": 10891.766101736084,
      "max_error": 88484.3515625,
      "directional_accuracy": 48.91304347826087
    },
    "random_forest": {
      "mae": 2855.2978861788624,
      "mse": 126299486.03159405,
      "rmse": 11238.304410879518,
      "r2": 0.908969820540081,
      "mape": 4.713381719508977,
      "mean_residual": 1015.3949593495938,
      "std_residual": 11192.339304547619,
      "max_error": 93824.96,
      "directional_accuracy": 45.92391304347826
    },
    "linear": {
      "mae": 2391.120763399719,
      "mse": 123564368.22436689,
      "rmse": 11115.951071517313,
      "r2": 0.9109411529077648,
      "mape": 4.313948147522827,
      "mean_residual": 335.68573225198594,
      "std_residual": 11110.881302287831,
      "max_error": 93144.4248010267,
      "directional_accuracy": 52.17391304347826
    },
    "ridge": {
      "mae": 2383.16074772733,
      "mse": 123359132.34819238,
      "rmse": 11106.715641817449,
      "r2": 0.9110890763809855,
      "mape": 4.300819583969277,
      "mean_residual": 380.8802677055005,
      "std_residual": 11100.182997134101,
      "max_error": 93067.17415687178,
      "directional_accuracy": 51.08695652173913
    }
  },
  "horizon_4d": {
    "lightgbm": {
      "mae": 3516.4201382195065,
      "mse": 158012334.0898641,
      "rmse": 12570.295704153667,
      "r2": 0.8862150161999793,
      "mape": 5.824479141289007,
      "mean_residual": 1278.6912324122884,
      "std_residual": 12505.09027644407,
      "max_error": 88029.81188042575,
      "directional_accuracy": 50.54347826086957
    },
    "xgboost": {
      "mae": 3606.0797446646343,
      "mse": 159523894.71034244,
      "rmse": 12630.276905529128,
      "r2": 0.8851265385080033,
      "mape": 5.980179413388178,
      "mean_residual": 1194.3005483570462,
      "std_residual": 12573.684460433085,
      "max_error": 88822.546875,
      "directional_accuracy": 48.369565217391305
    },
    "random_forest": {
      "mae": 3598.977859078591,
      "mse": 169284005.87277374,
      "rmse": 13010.918717476246,
      "r2": 0.8780982638046371,
      "mape": 6.086222444136983,
      "mean_residual": 1149.729295392954,
      "std_residual": 12960.020386561471,
      "max_error": 94517.52,
      "directional_accuracy": 54.891304347826086
    },
    "linear": {
      "mae": 3099.8501836142696,
      "mse": 164975680.96883926,
      "rmse": 12844.285926778462,
      "r2": 0.8812006968028143,
      "mape": 5.648300707537882,
      "mean_residual": 459.92905448581354,
      "std_residual": 12836.048700191153,
      "max_error": 93137.32079327354,
      "directional_accuracy": 53.2608695652174
    },
    "ridge": {
      "mae": 3093.7865696008967,
      "mse": 164707239.12418896,
      "rmse": 12833.831817668057,
      "r2": 0.8813940022882418,
      "mape": 5.635698846005369,
      "mean_residual": 506.27540343555546,
      "std_residual": 12823.842027257866,
      "max_error": 93051.27970819414,
      "directional_accuracy": 52.44565217391305
    }
  },
  "horizon_5d": {
    "lightgbm": {
      "mae": 4368.642345557887,
      "mse": 197609242.46947312,
      "rmse": 14057.355457890118,
      "r2": 0.8578300765248807,
      "mape": 7.214224016102586,
      "mean_residual": 1616.128140572071,
      "std_residual": 13964.145956796789,
      "max_error": 87600.21952404549,
      "directional_accuracy": 52.9891304347826
    },
    "xgboost": {
      "mae": 4373.726694825542,
      "mse": 198563519.9725715,
      "rmse": 14091.256862770315,
      "r2": 0.8571435217975103,
      "mape": 7.295908341271687,
      "mean_residual": 1457.2427538533198,
      "std_residual": 14015.704175278297,
      "max_error": 88202.53125,
      "directional_accuracy": 49.72826086956522
    },
    "random_forest": {
      "mae": 4264.741138211382,